pdbid,hla
1A6A,HLA-DR3
1A9B,HLA-B3501
1A9E,HLA-B3501
1AGB,HLA B8
1AGC,HLA B8
1AGD,HLA B8
1AGE,HLA B8
1AGF,HLA B8
1AKJ,HLA-A2
1AO7,HLA-A2 0201
1AQD,HLA-DR1
1B0G,HLA-A2.1
1B0R,HLA-A*0201
1B6U,HLA-CW3
1BD2,HLA-A 0201
1BX2,HLA-DR2
1CG9,HLA-B
1D5M,HLA-DR4
1D5X,HLA-DR4
1D5Z,HLA-DR4
1D6E,HLA-DR4
1DLH,HLA-DR1
1DUY,HLA-A*0201
1DUZ,HLA-A 0201
1E27,HLA-B*5101
1E28,HLA-B*5101
1EEY,HLA A2
1EEZ,HLA-A2.1
1EFX,HLA-CW3
1FV1,HLA-DR2
1FYT,HLA-DR1
1H15,HLA-DRA1*0101
1HDM,HLA-DM
1HHG,HLA-A2
1HHH,HLA-A2
1HHI,HLA-A2
1HHJ,HLA-A2
1HHK,HLA-A2
1HLA,HLA-A2
1HSA,HLA-B27
1HSB,HLA-AW68
1I1F,HLA-A2.1
1I1Y,HLA-A2.1
1I4F,HLA-A*0201
1IIE,HLA-DR
1IM3,HLA-A2
1IM9,HLA-CW4
1J8H,HLA-DR4
1JF1,HLA-A2*0201
1JGD,HLA-B*2709
1JGE,HLA-B*2705
1JHT,HLA-A2*0201
1JK8,HLA-DQ8
1JWM,HLA-2
1JWS,HLA-DR12
1JWU,HLA-DR12
1K5N,HLA-B*2709
1KG0,HLA-DR1
1KLG,HLA-DR1
1KLU,HLA-DR1
1KPR,HLA-2
1KTL,HLA-2
1LP9,HLA-A2.1
1M05,HLA B8
1M6O,HLA B*4402
1MHE,HLA-2
1MI5,HLAB8
1N2R,HLA B*44
1OF2,HLA-B*2709
1OGT,HLA-B*2705
1P7Q,HLA-A2
1PYW,HLA-DR1
1Q94,HLA-A*1101
1QEW,HLA-A 0201
1QQD,HLA-CW4
1QR1,HLA-A2.1
1QRN,HLA-A2
1QSE,HLA-A2
1QSF,HLA-A2
1QVO,HLA-A*1101
1S9V,HLA-DQ2
1S9W,HLA-A2
1S9X,HLA-A2
1S9Y,HLA-A2
1SEB,HLA-DR1
1SJE,HLA-DR1
1SJH,HLA-DR1
1SYV,HLA-B*4405
1T5W,HLA-DR1
1T5X,HLA-DR1
1TVB,HLA-A2
1TVH,HLA-A2
1UVQ,HLA-DQ0602
1UXS,HLA-B*2705
1UXW,HLA-B*2709
1W0V,HLA-B*2705
1W0W,HLA-B*2709
1W72,HLA-A1:MAGE
1X7Q,HLA-A*1101
1XH3,HLA-B*3501
1XR8,HLA-B*1501
1XR9,HLA-B*1501
1YDP,HLA-G
1YMM,HLA-DR2B
1ZGL,HLA-DR2A
1ZHK,HLA-B*3501
1ZHL,HLA-B*3508
1ZSD,HLA-B*3501
2A83,HLA-B*2705
2AK4,HLA-B*3508
2AV1,HLA-A2
2AV7,HLA-A2
2BC4,HLA-DM
2BCK,HLA-A*2402
2BSR,HLA-B2705
2BSS,HLA-B2705
2BST,HLA-B2705
2BVO,HLA-B5703
2BVP,HLA-B5703
2BVQ,HLA-B5703
2C7U,HLA-A2
2CIK,HLA-B35011
2D31,HLA-G
2DYP,HLA-G
2ESV,HLA-E
2FSE,HLA-DR1
2GIT,HLA-A2
2GJ6,HLA-A2
2GT9,HLA-A2
2GTW,HLA-A2
2GTZ,HLA-A2
2GUO,HLA-A2
2H6P,HLA-B*3501
2HJK,HLA-B5703
2HJL,HLA-B5703
2HLA,HLA-2
2HN7,HLA-A*1101
2IPK,HLA-DR1
2JCC,HLA-A2
2NNA,HLA-DQ8
2NW3,HLA-B*3508
2NX5,HLA-B*3501
2OJE,HLA-DR1
2Q6W,HLA-DRA
2RFX,HLA-B*5701
2SEB,HLA-DR4
2X4N,HLA-A2.1
2X4O,HLA-A2.1
2X4P,HLA-A2.1
2X4Q,HLA-A2.1
2X4R,HLA-A2.1
2X4S,HLA-A2.1
2X4T,HLA-A2.1
2X4U,HLA-A2.1
2X70,HLA-A2.1
3B3I,HLA-B27
3B6S,HLA-B*2705
3BGM,HLA-A2
3BH8,HLA-A2
3BH9,HLA-A2
3BHB,HLA-A2
3BO8,HLA-A1
3BP4,HLA-B*2705
3BP7,HLA-B*2709
3BVN,HLA-B*1402
3BW9,HLA B*3508
3BWA,HLA B*3508
3BXN,HLA-B*1402
3BZE,HLA-2
3BZF,HLA-2
3C5J,HLA DR52C
3C9N,HLA-B*1501
3CDG,HLA-E
3CII,HLA-E
3CZF,HLA-B*2709
3D18,HLA-B*2709
3D25,HLA-A2
3D39,HLA-A2
3D3V,HLA-A2
3DTX,HLA-B*2705
3DX7,HLA-B*4403
3DXA,HLA-B*4405
3FFC,HLA-B8
3FT2,HLA-A2
3FT3,HLA-A2
3FT4,HLA-A2
3GSN,HLA-A2
3GSO,HLA-A2
3GSQ,HLA-A2
3GSR,HLA-A2
3GSU,HLA-A2
3GSV,HLA-A2
3GSW,HLA-A2
3GSX,HLA-A2
3H7B,HLA-A2
3H9H,HLA-A2
3H9S,HLA-A2
3HCV,HLA-B*2709
3HPJ,HLA-A2
3I6G,HLA-A*0201
3I6K,HLA-A*0201
3I6L,HLA-A*2402
3IXA,HLA-A2
3KPL,HLA B*4402
3KPM,HLA B*4402
3KPN,HLA B*4403
3KPO,HLA B*4403
3KPP,HLA B*4405
3KPQ,HLA B*4405
3KPR,HLA B*4405
3KPS,HLA B*4405
3KWW,HLA B*3508
3KXF,HLA-B*3508
3KYN,HLA-G
3KYO,HLA-G
3L3D,HLA-B*4402
3L3G,HLA-B*4402
3L3I,HLA-B*4402
3L3J,HLA-B*4402
3L3K,HLA-B*4402
3L6F,HLA-DR1
3LKN,HLA B*3501
3LKO,HLA B*3501
3LKP,HLA B*3501
3LKQ,HLA B*3501
3LKR,HLA B*3501
3LKS,HLA B*3501
3LN4,HLA-B*4103
3LN5,HLA-B*4104
3LQZ,HLA-DP2
3LV3,HLA-B*2705
3MGO,HLA-A*0201
3MGT,HLA-A*0201
3MR9,HLA-A2
3MRB,HLA-A2
3MRC,HLA-A2
3MRD,HLA-A2
3MRE,HLA-A2
3MRF,HLA-A2
3MRG,HLA-A2
3MRH,HLA-A2
3MRI,HLA-A2
3MRJ,HLA-A2
3MRK,HLA-A2
3MRL,HLA-A2
3MRM,HLA-A2
3MRN,HLA-A2
3MRO,HLA-A2
3MRP,HLA-A2
3MRQ,HLA-A2
3MRR,HLA-A2
3MV7,HLA-B*3501
3MV8,HLA-2
3MV9,HLA-2
3MYJ,HLA-A2
3O3A,HLA-A2
3O3B,HLA-A2
3O3D,HLA-A2
3O3E,HLA-A2
3O6F,HLA-DR4
3OX8,HLA A*02:03
3OXR,HLA A*02:06
3OXS,HLA A*02:07
3PDO,HLA-DR1
3PGC,HLA-DR1
3PGD,HLA-DR1
3PL6,HLA-DQ1
3PWJ,HLA-A2
3PWL,HLA-A2
3PWN,HLA-A2
3PWP,HLA-A2
3Q2C,HLA CLASS
3QDG,HLA-A2
3QDJ,HLA-A2
3QDM,HLA-A2
3QEQ,HLA-A2
3QFD,HLA-A2
3QFJ,HLA-A2
3QXA,HLA-DR1
3QXD,HLA-DR1
3QZW,HLA-A*2402
3REW,HLA-A2
3RL1,HLA-A*0301
3RL2,HLA-A*0301
3S4S,HLA-DR1
3S5L,HLA-DR1
3SJV,HLA-B8
3SKM,HLA-B8FLRGRAYVL
3SKO,HLA-B8
3SPV,HLA COMPLEX
3TO2,HLA-A*0201
3UPR,HLA-B*57:01
3UTQ,HLA-A*0201
3V5D,HLA-A2.1
3V5H,HLA-A2.1
3V5K,HLA2.1
3VCL,HLA-B7
3VFM,HLA B*3508
3VFN,HLA B*3508LPEP151A
3VFO,HLA B*3508
3VFP,HLA B*3508
3VFR,HLA B*3508LPEP
3VFS,HLA B*3508LPEP
3VFT,HLA B*3508LPEP
3VFU,HLA B*3508
3VFV,HLA B*3508
3VFW,HLA B*3508
3VH8,HLA-B*5701
3VRI,HLA-B*57:01
3VRJ,HLA-B*57:01
3VXM,HLA-A24
3VXN,HLA-A24
3VXO,HLA-A24
3VXP,HLA-A24
3VXR,HLA-A24
3VXS,HLA-A24
3VXU,HLA-A24
3W0W,HLA-A24
3W39,HLA-B*5201
3WEX,HLA-DP5
3WL9,HLA-A24
3WLB,HLA-A24
3WUW,HLA-B*57:01.I80T
3X11,HLA-B*57:01.I80N.L82R.R83G
3X12,HLA-B*57:01.I80N
3X13,HLA-B*0801.N80I
3X14,HLA-B*0801.N80I.R82L.G83R
4AEN,HLA-DR1
4AH2,HLA-DR1
4D8P,HLA-DQ2.32
4E5X,HLA-A2
4EUP,HLA-A2
4F7M,HLA-A*2402
4F7P,HLA-A*2402
4F7T,HLA-A*2402
4FQX,HLA-DM
4FTV,HLA-A2
4G8I,HLA B2705
4G9D,HLA B2705
4G9F,HLAB2705
4HWZ,HLA-A68
4HX1,HLA-A68
4I0P,HLA-DO
4I48,HLA-A68
4I5B,HLA-DR1
4IS6,HLA-DR4
4JFH,HLA-MELANOMA2
4JFO,HLA COMPLEX
4JFP,HLA COMPLEX
4JFQ,HLA COMPLEX
4JQV,HLA-B*18:01
4JQX,HLA-B*44:03
4JRX,HLA B*3505
4JRY,HLA B*3505
4K7F,HLA-2
4L3C,HLA-A2
4L3E,HLA-A2
4LCY,HLA-B46
4LNR,HLA-B*35:01
4MJ5,HLA-A*1101
4MJ6,HLA-A*1101
4MJI,HLA-B*51:01
4N8V,HLA-A
4NNX,HLA-A2
4NNY,HLA-A2
4NO0,HLA-A2
4NO2,HLA-A2
4NO3,HLA-A2
4NO5,HLA-A2
4NQV,HLA A*0101
4NQX,HLA A*0101
4NT6,HLA-C*0801
4O2C,HLA-B*3901
4O2E,HLA-B*3901
4O2F,HLA-B*3901
4OV5,HLA-DR1
4PR5,HLA-B*35:01
4PRA,HLA-B*35:01
4PRB,HLA-B*35:08
4PRD,HLA-B*35:08
4PRE,HLA-B*35:08
4PRH,HLA-B*35:08
4PRI,HLA-B*35:08
4PRN,HLA-B*35:01
4PRP,HLA-B*35:01
4QRP,HLA B*0801
4QRQ,HLA B*0801
4QRR,HLA B*3501
4QRS,HLA B*0801
4QRT,HLA B*0801
4QRU,HLA B*0801
4U1H,HLA CLASS
4U1I,HLA CLASS
4U1J,HLA CLASS
4U1K,HLA CLASS
4U1L,HLA CLASS
4U1M,HLA CLASS
4U1N,HLA CLASS
4U1S,HLA CLASS
4U6X,HLA-A*0201
4U6Y,HLA-A*0201
4UQ2,HLA-A1101
4UQ3,HLA-A0201
4WJ5,HLA-A2
4WU5,HLA-A24
4WU7,HLA-A24
4WUU,HLA-A*0201
4X5W,HLA-DR1
4X5X,HLA-DR1
4XXC,HLA-B*1801
5B38,HLA-B*57:01
5B39,HLA-B*57:01
5BRZ,HLA-A1
5BS0,HLA-A1
5C07,HLA-A02
5C08,HLA-A0E
5C09,HLA CLASS
5C0A,HLA-A02
5C0B,HLA-A02
5C0C,HLA-A02
5C0D,HLA-A02
5C0E,HLA-A02
5C0F,HLA-A02
5C0G,HLA-A02
5C0J,HLA-A02
5D2L,HLA-A2
5D2N,HLA-A2
5D9S,HLA-A2:01
5DDH,HLA-A2:01
5E00,HLA-A2
5E6I,HLA-A2
5E9D,HLA-A2
5ENW,HLA-A2:01
5EO0,HLA-B0702
5EO1,HLA-B0702
5EOT,HLA-A2:01
5EU3,HLA CLASS
5EU4,HLA CLASS
5EU5,HLA CLASS
5EU6,HLA CLASS
5EUO,HLA-A2
5F7D,HLA-A2:01
5F9J,HLA-A2:01
5FA3,HLA-A2:01
5FA4,HLA-A2:01
5FDW,HLA-A2:01
5GRD,HLA-2
5GRG,HLA-A*11:01
5GSD,HLA-A*11:01
5HGA,HLA*A2402
5HGB,HLA*A2402
5HGD,HLA*A2402
5HGH,HLA*A2402
5HHM,HLA-A*0201
5HHN,HLA-A*0201
5HHO,HLA-A*0201
5HHP,HLA-A*0201
5HHQ,HLA-A*0201
5HYJ,HLA-A02
5IB1,HLA-B*27:05
5IB2,HLA-B*27:05
5IB3,HLA-B*27:05
5IB4,HLA-B*27:05
5IB5,HLA-B*27:09
5IEH,HLA-B*40:02
5IEK,HLA-B*40:02
5IM7,HLA-B5801
5INC,HLA-B5801
5IND,HLA-B5801
5IRO,HLA-A2
5ISZ,HLA-A*02
5IUE,HLA-F
5JHD,HLA-A*02
5JLZ,HLA-DRB1*04:01
5JZI,HLA-A2
5KNM,HLA-F
5KSU,HLA-DQ2.5
5KSV,HLA-DQ2.5
5LAX,HLA_DRB1*04:01
5N1Y,HLA-A02
5NHT,HLA-A2
5NI9,HLA-DRB1*04:01
5NIG,HLA-DRB1*04:01
5NME,HLA A02
5NMF,HLA A02
5NMG,HLA A02
5NMH,HLA A02
5NMK,HLA A02
5NQK,HLA-A2
5SWQ,HLA-A*0201
5T6W,HLA-B*57:01
5T6X,HLA-B*57:01
5T6Y,HLA-B*57:01
5T6Z,HLA-B*57:01
5T70,HLA-B*57:01
5TEZ,HLA-A2
5TXS,HLA-B*1501
5U98,HLA-2
5UJT,HLA-DQ8
5V4M,HLA-DR15
5V4N,HLA-DR1
5V5L,HLA-B*5801
5V5M,HLA-B*5701
5VGD,HLA-C*0501
5VGE,HLA-C*07:02
5VUD,HLA-B*57:01
5VUE,HLA-B*57:01
5VUF,HLA-B*57:01
5VVP,HLA-B*57:03
5VWD,HLA-B*57:03
5VWF,HLA-B*58:03
5VWH,HLA-B*58:01
5VWJ,HLA-B*58:01
5VZ5,HLA-B*1501
5W1V,HLA-E
5W1W,HLA-E
5W67,HLA-C*06:02
5W69,HLA-C*06:02
5W6A,HLA-C*06:02
5WJL,HLA-A*11:01
5WJN,HLA-A*11:01
5WKF,HLA-A*11:01
5WKH,HLA-A*11:01
5WMN,HLA-B7
5WMO,HLA-B7
5WMP,HLA-B7
5WMQ,HLA-B8
5WMR,HLA-B8
5WSH,HLA-A2
5WWI,HLA-A*2402
5WWJ,HLA-A*2402
5WWU,HLA-A*2402
5WXC,HLA-A*2402
5WXD,HLA-A*2402
5XOS,HLA-B35
5XOT,HLA-B35
5XOV,HLA-A24
5YXN,HLA-A0201
5YXU,HLA-A02012
6AEE,HLA-G
6AM5,HLA-A2
6AMT,HLA-A2
6AMU,HLA-A2
6APN,HLA-A*0201
6AT5,HLA-B*07:02
6AT9,HLA-A*0101
6ATF,HLA-DRB1*1402
6ATI,HLA-DRB1*1402
6ATZ,HLA-DRB1*1402
6AVF,HLA-B*07:02
6AVG,HLA-B*07:02
6BIJ,HLA-DRB1
6BIL,HLA-DRB1
6BIN,HLA-DRB1
6BIR,HLA-DRB1
6BIV,HLA-DRB1
6BIX,HLA-DRB1
6BIY,HLA-DRB1
6BIZ,HLA-DRB1
6BJ2,HLA-B35
6BJ3,HLA-B35
6BJ8,HLA-B35
6BXP,HLA-B*57:01
6BXQ,HLA-B*57:01
6C5H,HLAMYDIACEAE
6C5J,HLAMYDIACEAE
6C5K,HLAMYDIACEAE
6D29,HLA-B*57:01
6D2B,HLA-B*57:01
6D2R,HLA-B*57:01
6D2T,HLA-B*57:01
6D78,HLA-A2
6D7G,HLA-A2
6DKP,HLA-A2
6E1I,HLA-A*0201
6EI2,HLA-A68
6EQA,HLA CLASS
6EQB,HLA CLASS
6EWA,HLA-A2
6EWC,HLA-A2
6EWO,HLA-A2
6GGM,HLA-E*01:03
6GH1,HLA-E*01:03
6GH4,HLA-E*01:03
6GHN,HLA-E*01:03
6GL1,HLA-E*01:03
6HBY,HLA CLASS
6ID4,HLA-A*11:01
6IEX,HLA-B*4001
6J1V,HLA-A*3003
6J1W,HLA-A*3001
6J29,HLA-A*3003
6J2A,HLA-A*3003
6JOZ,HLA-A1101
6JP3,HLA-A1101
6JTN,HLA-C08
6JTO,HLA-C05
6JTP,HLA-C08
6K60,HLA-G
6MFF,HLA-DQ2
6MFG,HLA-DQ2
6MPP,HLA-A*01:01
6MT3,HLA-B*18:01
6MT4,HLA-B*37:01
6MT5,HLA-B*37:01
6MT6,HLA-B*37:01
6MTL,HLA-B*44:05
6MTM,HLA-B*37:01
6NCA,HLA-A2
6O4Y,HLA-A2:01
6O4Z,HLA-A2:01
6O51,HLA-A2:01
6O53,HLA-A2:01
6O9B,HLA-A3*01
6O9C,HLA-A3*01
6OPD,HLA-A2
6P64,HLA-A206
6PA1,HLA-2
6PAG,HLA-2
6PBH,HLA-A*68:01
6PTB,HLA-A2
6PTE,HLA-A2
6PX6,HLA-TCR
6PY2,HLA-TCR
6PYJ,HLA-B*2705
6PYL,HLA-B*2703
6PYV,HLA-B*2703
6PYW,HLA-B*2705
6PZ5,HLA-B*2703
6Q3K,HLA_A2
6Q3S,HLA_A2
6RP9,HLA A2*01
6RPA,HLA A2*01
6RPB,HLA A2*01
6RSY,HLA-A0201
6TDO,HLA-A0201
6TDP,HLA-A0201
6TDQ,HLA-A0201
6TDR,HLA-A0201
6TDS,HLA-A0201
6TMO,HLA-A*02:01
6TRN,HLA A2*01
6TRO,HLA A2*01
6UJ7,HLA-B*07:02
6UJ8,HLA-B*07:02
6UJ9,HLA-B*07:02
6UJO,HLA-A206
6UJQ,HLA-A206
6UK2,HLA-A206
6UK4,HLA-A206
6UZ1,HLA-A2
6UZM,HLA-B*15:02
6UZN,HLA-B*15:02
6UZO,HLA-B*15:02
6UZP,HLA-B*15:01
6UZQ,HLA-B*15:01
6UZS,HLA-B*15:01
6V2O,HLA-B*57:01
6V2P,HLA-B*57:03
6V2Q,HLA-B*57:03
6V3J,HLA-B*57:03
6VB0,HLA-B*15:02
6VB1,HLA-B*15:02
6VB2,HLA-B*15:02
6VB3,HLA-B*15:01
6VB4,HLA-B*15:02
6VB5,HLA-B*15:02
6VB6,HLA-B*15:02
6VB7,HLA-B*15:02
6VIU,HLA-B*15:02
6VM7,HLA-A2
6VM8,HLA-A2
6VM9,HLA-A2
6VMA,HLA-A2
6VMC,HLA-A2
6VMX,HLA-B7
6VPZ,HLA-B*27:05
6VQ2,HLA-B*27:05
6VQD,HLA-B*27:05
6VQE,HLA-B*27:05
6VQO,HLA-A2
6VQY,HLA-B*27:05
6VQZ,HLA-B*27:05
6VR1,HLA-A2
6VR5,HLA-A2
6VRM,HLA-A2
6VRN,HLA-A2
6W51,HLA-2
6XQA,HLA A*2402
6Y26,HLA-B2705
6Y27,HLA-B2709
6Y28,HLA-B2705
6Y29,HLA-B2709
6Y2A,HLA-B2705
6Y2B,HLA-B2709
6ZKW,HLA-E
6ZKX,HLA-E
6ZKY,HLA-E
6ZKZ,HLA-E
7BBG,HLA-A2
7BH8,HLA-E
7DUU,HLA MOLECULE
7DZM,HLAB8101
7DZN,HLAB4201
7EJL,HLA-A*2402
7EJM,HLA-A*2402
7EJN,HLA-A*2402
7EU2,HLA0201
7F4W,HLA2402
7JYU,HLA-A*2402
7JYV,HLA A*2402
7JYW,HLA A*2402
7JYX,HLA A*2402
7K80,HLA-A*24:02
7K81,HLA-A*24:02
7KGO,HLA-A*0201IN
7KGP,HLA-A*0201
7KGQ,HLA-A*0201IN
7KGR,HLA-A*0201IN
7KGS,HLA-A*0201
7KGT,HLA-A*0201
7L1B,HLA-A*03:01
7L1C,HLA-A*03:01
7L1D,HLA-A*03:01
7LGD,HLA-B*07:02
7LGT,HLA-B*07:02
7M8S,HLA-A*02:01
7M8T,HLA-A*11:01
7M8U,HLA-B*35:01
7MJ6,HLA-A*02:01
7MJ7,HLA-A*02:01
7MJ8,HLA-A*02:01
7MJ9,HLA-A*02:01
7MJA,HLA-A*24:02
7MLE,HLA-A*03:01
7N1A,HLA-A2
7N1B,HLA-A2
7N1E,HLA-A2
7N1F,HLA-A2
7N2N,HLA*B27
7N2O,HLA*B27
7N2P,HLA*B27
7N2Q,HLA*B27
7N2R,HLA*B27
7N2S,HLA*B27
7N6D,HLA PEPTIDE
7N6E,HLA-A2
7NUI,HLA-B*08:01
7OW3,HLA-A*11:01
7OW4,HLA-A*11:01
7OW5,HLA-A*11:01
7OW6,HLA-A*11:01
7P49,HLA-E*01:03
7P4B,HLA-E*01:03
7PB2,HLA-A*11:01
7QPJ,HLA-A*02:012
7R7V,HLA-B*5301
7R7W,HLA-B*5301
7R7X,HLA-B*5701
7R7Y,HLA-B*5701
7R80,HLA-B*5301
7RE7,HLA-A*02
7RE8,HLA-A*02
7RK7,HLA-A2
7RM4,HLA-A2
7RRG,HLA-A*03:01
7RTD,HLA-A*02:01
7RTR,HLA-A*02:01
7RZD,HLA-B*07:02
7RZJ,HLA-B*07:02
7S79,HLA-B*07:02
7S7D,HLA-B*07:02
7S7E,HLA-B*07:02
7S7F,HLA-B*07:02
7S8A,HLA-B*07:02
7S8E,HLA-B*07:02
7S8F,HLA-B*07:02
7S8Q,HLA A*1101
7S8R,HLA A*1101
7S8S,HLA A*1101
7SA2,HLA-A*02:01
7SG0,HLA-DQ2
7SG1,HLA-DQ2
7SG2,HLA-DQ2
7SIF,HLA B*3505
7SIG,HLA B*3501
7SIH,HLA B*3503
7SIS,HLA-A*02:01
7SQP,HLA-A*02:01
7SR0,HLA-A*02:01
7SR3,HLA-A*02:01
7SR4,HLA-A*02:01
7SR5,HLA-A*02:01
7SRK,HLA-A*24:02
7STF,HLA-A*03:01
7T0L,HLA-B*27:05
7T2A,HLA-DP4
7T2B,HLA-DP4
7T2C,HLA-DP4
7T2D,HLA-DP4
7T5M,HLA-A*02:01
7T6I,HLA-DP1
7TLT,HLA-A*29:02
7TR4,HLAA0201
7TUC,HLA-B*44:05
7TUD,HLA-B*44:05
7TUE,HLA-B*44:05
7U1R,HLA-A*02:01
7U21,HLA-A2
7UC5,HLA A*0301
7UM2,HLA-A*02:01
7UR1,HLA-A*02:01
7WJ2,HLA-C*1402
7WJ3,HLA-C*1402
7WT3,HLA-A*2402
7WT4,HLA-A*2402
7WT5,HLA-A*2450
7WZZ,HLA-B5801
7X00,HLA-B5801
7X1B,HLA-B5801
7X1C,HLA-B5801
7XF3,HLA-B*1501
7YG3,HLA-B*13:01
7YX9,HLA-DR
7YXB,HLA-DR
7Z0Q,HLA-DR
8CX4,HLA*B27
8DVG,HLA-A*03:01
8E13,HLA-B8E76C
8E2Z,HLA-B8E76C
8E8I,HLA-B8E76C
8EB2,HLA-A*02:01
8EC5,HLA-B8E76C
8EK5,HLA-A24:02
8ELG,HLA-B*15:01
8ELH,HLA-B*15:01
8EMF,HLA-B*35:01
8EMG,HLA-B*35:01
8EMI,HLA-B*35:01
8EMJ,HLA-B*35:01
8EMK,HLA-B*35:01
8EN8,HLA-B*35:01
8ENH,HLA-B*35:01
8EO8,HLA-B*35:01
8ERX,HLA-A*11:01
8ES8,HLA-A2
8ES9,HLA-A2
8ESA,HLA-A2
8ESB,HLA-A2
8ESH,HLA-A*02:01
8EUQ,HLA-DRA*01:01
8F5A,HLA-B*57:01
8F7M,HLA-B*57:01
8FJA,HLA-A2
8FJB,HLA-A2
8FRT,HLA-A*02:01
8FU4,HLA-A*02:01
8GOM,HLA-A2
8GON,HLA-A2
8GVB,HLA-A24
8GVG,HLA-A24
8GVI,HLA-A24
8HN4,HLA2402
8I5C,HLA-A*11:01
8I5D,HLA-A*11:01
8I5E,HLA-A*11:01
8ISN,HLA-A24
8RBU,HLA-A*11:01
8RBV,HLA-A*02:01
8RCV,HLA B*13:01
8REF,HLA B*13:01
8RH6,HLA-A*11:01
8RHQ,HLA-A*11:01
8RLT,HLA-E*01:03
8RLU,HLA-E*01:03
8RLV,HLA-E*01:03
8RNG,HLA B*18:01
8RNH,HLA B*18:01
8ROO,HLA B*18:01
8ROP,HLA B*18:01
8RYM,HLA-A*03:01
8RYN,HLA-A*11:01
8RYO,HLA-A*03:01
8RYP,HLA-A*03:01
8RYQ,HLA-A*11:01
8SBK,HLA-A*24:02
8SBL,HLA-A*24:02
8SHI,HLA C 0602
8TBP,HLA-DRB1*15:01
8TBV,HLA-A2
8TBW,HLA-A2
8TNJ,HLA-B*73:01
8TRL,HLA-DR4
8TRQ,HLA-2
8TRR,HLA-2
8TUB,HLA B7:02
8TUH,HLA B7:02
8U9G,HLA-A2
8VDD,HLA-DQ8
8VDU,HLA-DQ8
8VRW,HLA-DR15
8VSJ,HLA-DR1
8VSP,HLA-DQ
8W83,HLA-DQ2.5
8W84,HLA-DQ2.5
8W85,HLA-DQ2.5
8W86,HLA-DQ2.5
8WTE,HLA-A*11:01
8WUL,HLA-A*11:012
8XES,HLA-A
8XFZ,HLA-A
8XG2,HLA-A
8XKC,HLA-A
8XKE,HLA-A
8YE4,HLA-A24
8ZV9,HLA2402
9B7B,HLA-DR
9C6V,HLA-B*39:062
9C6W,HLA-B*39:062
9C6X,HLA-B*39:012
1SYS,"HLA, B*4403"
9C3E,HLA